id,word
1,BACK
2,ABASE
3,ABATE
4,ABBEY
5,ABOUT
6,ABOVE
7,ABYSS
8,ACRID
9,ACTOR
10,ACUTE
11,ADAPT
12,ADMIT
13,ADOBE
14,ADOPT
15,ADORE
16,ADULT
17,AFTER
18,AGAIN
19,AGAPE
20,AGATE
21,AGENT
22,AGILE
23,AGING
24,AGLOW
25,AGONY
26,AGREE
27,AHEAD
28,ALBUM
29,ALIEN
30,ALIKE
31,ALIVE
32,ALLOW
33,ALOFT
34,ALONE
35,ALOOF
36,ALOUD
37,ALPHA
38,ALTAR
39,ALTER
40,AMBER
41,AMISS
42,AMPLE
43,ANGEL
44,ANGER
45,ANGRY
46,ANODE
47,ANTIC
48,AORTA
49,APHID
50,APPLE
51,APPLY
52,APRON
53,APTLY
54,ARBOR
55,ARDOR
56,ARGUE
57,AROMA
58,ASIDE
59,ASKEW
60,ASSET
61,ATOLL
62,ATONE
63,AUDIO
64,AUDIT
65,AVAIL
66,AVERT
67,AWAIT
68,AWAKE
69,AWFUL
70,AXIOM
71,AZURE
72,BACON
73,BADGE
74,BADLY
75,BAGEL
76,BAKER
77,BALSA
78,BANAL
79,BARGE
80,BASIC
81,BATHE
82,BATON
83,BATTY
84,BAYOU
85,BEACH
86,BEADY
87,BEAST
88,BEEFY
89,BEGET
90,BEGIN
91,BEING
92,BELCH
93,BELIE
94,BELLY
95,BELOW
96,BENCH
97,BERET
98,BERTH
99,BESET
100,BINGE
101,BIOME
102,BIRCH
103,BIRTH
104,BLACK
105,BLAME
106,BLAND
107,BLEAK
108,BLEED
109,BLEEP
110,BLOCK
111,BLOKE
112,BLOND
113,BLOWN
114,BLUFF
115,BLURB
116,BLURT
117,BLUSH
118,BOOBY
119,BOOST
120,BOOZE
121,BOOZY
122,BORAX
123,BOUGH
124,BRAID
125,BRAKE
126,BRASH
127,BRAVE
128,BREAD
129,BREAK
130,BRIAR
131,BRIBE
132,BRIDE
133,BRIEF
134,BRINE
135,BRING
136,BRINK
137,BRISK
138,BROKE
139,BROOK
140,BROOM
141,BRUSH
142,BUGGY
143,BUILT
144,BULKY
145,BULLY
146,BUNCH
147,BURLY
148,CABLE
149,CACAO
150,CACHE
151,CANDY
152,CANNY
153,CANOE
154,CAPER
155,CARAT
156,CARGO
157,CAROL
158,CARRY
159,CATCH
160,CATER
161,CAULK
162,CAUSE
163,CEDAR
164,CHAFE
165,CHAIN
166,CHAMP
167,CHANT
168,CHARD
169,CHARM
170,CHART
171,CHEAT
172,CHEEK
173,CHEST
174,CHIEF
175,CHILD
176,CHILL
177,CHIME
178,CHOIR
179,CHOKE
180,CHORD
181,CHUNK
182,CHUTE
183,CIDER
184,CIGAR
185,CINCH
186,CIRCA
187,CIVIC
188,CLASS
189,CLEAN
190,CLEAR
191,CLEFT
192,CLERK
193,CLICK
194,CLING
195,CLOCK
196,CLOSE
197,CLOTH
198,CLOWN
199,CLUCK
200,COACH
201,COAST
202,COCOA
203,COLON
204,COMET
205,COMMA
206,CONDO
207,CONIC
208,CORNY
209,COULD
210,COUNT
211,COURT
212,COVET
213,COWER
214,COYLY
215,CRAMP
216,CRANE
217,CRANK
218,CRASS
219,CRATE
220,CRAVE
221,CRAZE
222,CRAZY
223,CREAK
224,CREDO
225,CREPT
226,CRIME
227,CRIMP
228,CROAK
229,CRONE
230,CROSS
231,CRUMB
232,CRUST
233,CURLY
234,CYNIC
235,DADDY
236,DAISY
237,DANCE
238,DANDY
239,DEATH
240,DEBUG
241,DELTA
242,DELVE
243,DENIM
244,DEPOT
245,DEPTH
246,DIGIT
247,DINER
248,DISCO
249,DITTO
250,DODGE
251,DOING
252,DONOR
253,DONUT
254,DOUBT
255,DOWRY
256,DOZEN
257,DRAIN
258,DREAM
259,DRINK
260,DRIVE
261,DROLL
262,DROOP
263,DUCHY
264,DUTCH
265,DUVET
266,DWARF
267,DWELL
268,DWELT
269,EARTH
270,EGRET
271,EJECT
272,ELDER
273,ELOPE
274,ELUDE
275,EMAIL
276,EMBER
277,EMPTY
278,ENEMA
279,ENJOY
280,ENNUI
281,ENTER
282,EPOCH
283,EPOXY
284,EQUAL
285,ERODE
286,ERROR
287,ESSAY
288,ETHIC
289,ETHOS
290,EVADE
291,EVERY
292,EVOKE
293,EXACT
294,EXCEL
295,EXERT
296,EXIST
297,EXPEL
298,EXTRA
299,EXULT
300,FARCE
301,FAULT
302,FAVOR
303,FEAST
304,FEIGN
305,FERRY
306,FEWER
307,FIELD
308,FIEND
309,FIFTY
310,FINAL
311,FINER
312,FIRST
313,FISHY
314,FIXER
315,FJORD
316,FLAIL
317,FLAIR
318,FLANK
319,FLARE
320,FLASK
321,FLESH
322,FLICK
323,FLING
324,FLIRT
325,FLOAT
326,FLOCK
327,FLOOD
328,FLOOR
329,FLORA
330,FLOSS
331,FLOUT
332,FLUFF
333,FLUME
334,FLYER
335,FOCAL
336,FOCUS
337,FOGGY
338,FOLLY
339,FORAY
340,FORGE
341,FORGO
342,FORTH
343,FOUND
344,FOYER
345,FRAME
346,FRANK
347,FRESH
348,FRIED
349,FROCK
350,FRONT
351,FROST
352,FROTH
353,FROZE
354,FUNGI
355,FUNNY
356,GAMER
357,GAMMA
358,GAUDY
359,GAUZE
360,GAWKY
361,GECKO
362,GENRE
363,GHOUL
364,GIANT
365,GIDDY
366,GIRTH
367,GIVEN
368,GLASS
369,GLAZE
370,GLEAN
371,GLOAT
372,GLOBE
373,GLOOM
374,GLORY
375,GLOVE
376,GLYPH
377,GNASH
378,GOLEM
379,GONER
380,GOOSE
381,GORGE
382,GOUGE
383,GRACE
384,GRADE
385,GRAIL
386,GRAND
387,GRAPH
388,GRATE
389,GREAT
390,GREEN
391,GREET
392,GRIEF
393,GRIME
394,GRIMY
395,GRIPE
396,GROIN
397,GROUP
398,GROUT
399,GROVE
400,GROWL
401,GRUEL
402,GUANO
403,GUARD
404,GUEST
405,GUIDE
406,GUILD
407,GULLY
408,GUPPY
409,HAIRY
410,HAPPY
411,HATCH
412,HATER
413,HAVOC
414,HEADY
415,HEARD
416,HEART
417,HEATH
418,HEIST
419,HELIX
420,HELLO
421,HERON
422,HINGE
423,HOARD
424,HOBBY
425,HOMER
426,HORDE
427,HORSE
428,HOTEL
429,HOUND
430,HOUSE
431,HOWDY
432,HUMAN
433,HUMID
434,HUMOR
435,HUMPH
436,HUNKY
437,HURRY
438,HUTCH
439,HYPER
440,IGLOO
441,IMPEL
442,INANE
443,INDEX
444,INEPT
445,INERT
446,INFER
447,INPUT
448,INTER
449,IONIC
450,IRATE
451,IRONY
452,ISLET
453,ITCHY
454,IVORY
455,JAUNT
456,JAZZY
457,JOKER
458,JOUST
459,JUDGE
460,KARMA
461,KAYAK
462,KAZOO
463,KEBAB
464,KHAKI
465,KIOSK
466,KNEEL
467,KNELT
468,KNOCK
469,KNOLL
470,KOALA
471,LABEL
472,LABOR
473,LAPEL
474,LAPSE
475,LARGE
476,LARVA
477,LATTE
478,LAYER
479,LEAFY
480,LEAKY
481,LEAPT
482,LEARN
483,LEASH
484,LEAVE
485,LEDGE
486,LEERY
487,LEGGY
488,LEMON
489,LIBEL
490,LIGHT
491,LILAC
492,LIMIT
493,LINEN
494,LINER
495,LIVER
496,LOCUS
497,LOFTY
498,LOGIC
499,LOOPY
500,LOSER
501,LOVER
502,LOWLY
503,LOYAL
504,LUCKY
505,LUNAR
506,LUNCH
507,LUNGE
508,LUSTY
509,LYING
510,MADAM
511,MAGIC
512,MAGMA
513,MAIZE
514,MAJOR
515,MANIA
516,MANLY
517,MANOR
518,MAPLE
519,MARCH
520,MARRY
521,MARSH
522,MASON
523,MASSE
524,MATEY
525,MAXIM
526,MAYBE
527,MEALY
528,MEANT
529,MEDAL
530,MERCY
531,MERIT
532,MERRY
533,METAL
534,METRO
535,MICRO
536,MIDGE
537,MIDST
538,MIMIC
539,MINCE
540,MODEL
541,MOIST
542,MOLAR
543,MONEY
544,MONTH
545,MOOSE
546,MOSSY
547,MOTOR
548,MOTTO
549,MOULT
550,MOUNT
551,MOURN
552,MOUSE
553,MOVIE
554,MUCKY
555,MUMMY
556,MURAL
557,MUSIC
558,NAIVE
559,NANNY
560,NASTY
561,NATAL
562,NAVAL
563,NEEDY
564,NEVER
565,NIGHT
566,NINJA
567,NINTH
568,NOBLE
569,NOISE
570,NORTH
571,NYMPH
572,OCCUR
573,OCEAN
574,OFFAL
575,OLDER
576,OLIVE
577,ONION
578,ONSET
579,OPERA
580,OTHER
581,OUGHT
582,OUTDO
583,OXIDE
584,PANEL
585,PANIC
586,PAPER
587,PARER
588,PARRY
589,PARTY
590,PASTA
591,PATTY
592,PAUSE
593,PEACE
594,PEACH
595,PERCH
596,PERKY
597,PHASE
598,PHONE
599,PHONY
600,PHOTO
601,PIANO
602,PICKY
603,PIETY
604,PILOT
605,PINEY
606,PINKY
607,PINTO
608,PIQUE
609,PITHY
610,PIXEL
611,PIXIE
612,PLACE
613,PLANK
614,PLANT
615,PLATE
616,PLAZA
617,PLEAT
618,PLUCK
619,PLUNK
620,POINT
621,POISE
622,POKER
623,POLKA
624,POLYP
625,POUND
626,POWER
627,PRICK
628,PRIDE
629,PRIME
630,PRIMO
631,PRINT
632,PRIZE
633,PROBE
634,PROVE
635,PROXY
636,PULPY
637,PURGE
638,QUALM
639,QUART
640,QUEEN
641,QUERY
642,QUEST
643,QUEUE
644,QUICK
645,QUIET
646,QUIRK
647,QUOTE
648,RADIO
649,RAINY
650,RAMEN
651,RANCH
652,RANGE
653,RATIO
654,RAYON
655,REACT
656,REBUS
657,REBUT
658,RECAP
659,REGAL
660,RELIC
661,RENEW
662,REPAY
663,REPEL
664,RESIN
665,RETCH
666,RETRO
667,RETRY
668,REVEL
669,RHINO
670,RHYME
671,RIGHT
672,RIPER
673,RIVAL
674,ROBIN
675,ROBOT
676,ROCKY
677,RODEO
678,ROGUE
679,ROOMY
680,ROUGE
681,ROUND
682,ROUSE
683,ROUTE
684,ROYAL
685,RUDDY
686,RUDER
687,RUPEE
688,RUSTY
689,SAINT
690,SALAD
691,SALSA
692,SALTY
693,SASSY
694,SAUTE
695,SCALD
696,SCANT
697,SCARE
698,SCARF
699,SCOLD
700,SCOPE
701,SCORN
702,SCOUR
703,SCOUT
704,SCRAP
705,SCRUB
706,SEDAN
707,SEEDY
708,SERVE
709,SEVER
710,SHAKE
711,SHALL
712,SHAME
713,SHARD
714,SHARP
715,SHAWL
716,SHIFT
717,SHINE
718,SHIRE
719,SHIRK
720,SHORN
721,SHOWN
722,SHOWY
723,SHRUB
724,SHRUG
725,SHYLY
726,SIEGE
727,SIGHT
728,SISSY
729,SKILL
730,SKIMP
731,SKIRT
732,SKUNK
733,SLATE
734,SLEEK
735,SLEEP
736,SLOPE
737,SLOSH
738,SLOTH
739,SLUMP
740,SLUNG
741,SMALL
742,SMART
743,SMASH
744,SMEAR
745,SMELT
746,SMILE
747,SMIRK
748,SMITE
749,SNACK
750,SNAFU
751,SNAIL
752,SNAKE
753,SNAKY
754,SNARE
755,SNARL
756,SNEAK
757,SNOUT
758,SOGGY
759,SOLAR
760,SOLID
761,SOLVE
762,SONIC
763,SOUND
764,SOWER
765,SPACE
766,SPADE
767,SPELL
768,SPEND
769,SPENT
770,SPICE
771,SPICY
772,SPIEL
773,SPIKE
774,SPILL
775,SPIRE
776,SPLAT
777,SPOKE
778,SPRAY
779,SPURT
780,SQUAD
781,SQUAT
782,STAFF
783,STAGE
784,STAID
785,STAIR
786,STALE
787,STAND
788,START
789,STEAD
790,STEED
791,STEIN
792,STICK
793,STIFF
794,STILL
795,STING
796,STINK
797,STOCK
798,STOLE
799,STOMP
800,STONE
801,STONY
802,STOOL
803,STORE
804,STORY
805,STOUT
806,STOVE
807,STRAP
808,STRAW
809,STUDY
810,STYLE
811,SUGAR
812,SULKY
813,SURER
814,SURLY
815,SUSHI
816,SWEAT
817,SWEEP
818,SWEET
819,SWILL
820,SWINE
821,SWIRL
822,SYRUP
823,TABLE
824,TACIT
825,TAKEN
826,TANGY
827,TAPER
828,TAPIR
829,TARDY
830,TASTE
831,TASTY
832,TAUNT
833,TAWNY
834,TEASE
835,TEMPO
836,TENTH
837,TEPID
838,THEIR
839,THEME
840,THERE
841,THESE
842,THIEF
843,THING
844,THINK
845,THIRD
846,THORN
847,THOSE
848,THREE
849,THREW
850,THROW
851,THUMB
852,THUMP
853,THYME
854,TIARA
855,TIBIA
856,TIGER
857,TILDE
858,TIPSY
859,TODAY
860,TONIC
861,TOPAZ
862,TOPIC
863,TORSO
864,TOTEM
865,TOUCH
866,TOUGH
867,TOXIC
868,TRACE
869,TRACT
870,TRADE
871,TRAIN
872,TRAIT
873,TRASH
874,TRAWL
875,TREAT
876,TREND
877,TRIAD
878,TRICE
879,TRITE
880,TROLL
881,TROPE
882,TROVE
883,TRUSS
884,TRUST
885,TRUTH
886,TRYST
887,TWANG
888,TWEED
889,TWEAK
890,TWICE
891,TWINE
892,TWIRL
893,ULCER
894,ULTRA
895,UNCLE
896,UNDER
897,UNDUE
898,UNFED
899,UNFIT
900,UNIFY
901,UNITE
902,UNLIT
903,UNMET
904,UNTIE
905,UNTIL
906,UNZIP
907,UPSET
908,USAGE
909,USHER
910,USING
911,USUAL
912,USURP
913,UTTER
914,VAGUE
915,VALET
916,VALID
917,VENOM
918,VERGE
919,VERVE
920,VIGOR
921,VIOLA
922,VIRAL
923,VITAL
924,VIVID
925,VODKA
926,VOICE

